State,Latitude,Longitude,Temperature,Humidity,Wind Speed,Date and Time
Kerala,10.72,76.18,5.8,86,28.3,2023-09-09 17:07:28
Kerala,8.98,76.75,23.3,96,14.0,2023-05-01 23:58:02
Kerala,8.36,76.94,26.3,17,25.3,2023-05-12 03:26:54
Kerala,8.69,74.6,20.4,41,6.8,2023-08-29 19:23:51
Kerala,10.09,77.04,41.4,70,18.5,2023-09-22 14:08:50
Kerala,12.82,75.34,25.6,88,42.0,2023-05-15 23:32:33
Kerala,11.91,76.24,41.8,16,20.2,2023-12-12 20:46:41
Kerala,11.71,75.63,16.2,45,44.6,2023-11-17 20:52:00
Kerala,9.84,76.37,40.7,46,33.4,2023-11-01 21:57:25
Kerala,10.95,75.09,23.2,36,33.2,2023-03-30 05:38:14
Kerala,9.23,74.88,21.7,61,37.1,2023-10-26 13:27:03
Kerala,8.61,76.65,17.9,97,29.1,2023-02-25 12:40:42
Kerala,9.14,77.01,33.4,28,45.8,2023-09-01 21:18:11
Kerala,10.26,76.23,22.1,16,49.1,2023-04-30 10:20:51
Kerala,12.72,77.13,41.1,33,2.8,2023-05-08 13:35:07
Kerala,12.46,74.92,38.6,77,17.8,2023-08-14 11:25:36
Kerala,8.86,76.68,14.4,30,25.5,2023-07-07 14:44:14
Kerala,11.07,77.17,39.5,20,44.0,2023-03-12 13:09:02
Kerala,9.92,74.78,15.4,63,48.3,2023-02-12 21:38:27
Kerala,12.24,74.6,9.6,27,19.1,2023-09-23 06:03:39
Kerala,8.68,76.2,29.9,42,6.4,2023-03-04 22:39:08
Kerala,8.61,75.17,12.1,85,7.4,2023-01-17 13:07:28
Kerala,12.16,75.22,12.4,93,0.6,2023-01-23 03:17:22
Kerala,11.55,75.86,32.9,49,15.9,2023-01-03 08:07:47
Kerala,11.78,77.0,12.1,81,13.7,2023-02-28 02:43:58
Kerala,10.85,76.92,35.5,86,20.1,2023-03-30 19:11:37
Kerala,10.26,75.15,28.5,58,42.8,2023-01-21 16:08:48
Kerala,8.6,75.72,33.8,62,42.7,2023-07-17 01:39:54
Kerala,11.93,76.35,36.1,100,43.4,2023-02-14 18:09:07
Kerala,11.64,75.54,11.5,35,25.8,2023-05-03 20:34:20
Kerala,9.93,75.17,38.9,75,35.8,2023-02-04 19:42:56
Kerala,10.03,75.83,9.2,13,46.2,2023-07-17 17:57:58
Kerala,11.58,77.26,16.1,17,46.4,2023-07-14 11:28:00
Kerala,8.5,76.32,27.4,88,1.3,2023-06-14 19:53:05
Kerala,11.81,77.0,42.4,66,21.8,2023-02-20 13:49:24
Kerala,9.17,76.15,31.2,24,48.5,2023-11-22 12:27:32
Kerala,8.95,74.96,33.9,52,33.4,2023-02-19 07:55:08
Kerala,8.58,76.93,16.0,82,39.8,2023-06-11 07:00:55
Kerala,10.97,76.0,12.7,13,41.9,2023-12-03 20:40:18
Kerala,11.6,74.63,29.5,85,8.6,2023-07-31 13:13:53
Kerala,10.67,75.38,8.8,31,11.1,2023-04-02 23:33:00
Kerala,10.33,77.31,20.5,16,32.5,2023-11-01 15:10:57
Kerala,12.64,74.99,23.1,48,0.3,2023-10-26 14:46:30
Kerala,9.32,75.59,24.5,58,6.8,2023-09-15 06:27:04
Kerala,12.4,76.12,42.4,53,14.4,2023-08-22 08:41:52
Kerala,11.9,75.37,39.3,38,49.2,2023-12-28 08:01:00
Kerala,9.86,75.82,23.3,30,25.0,2023-05-24 07:09:40
Kerala,10.74,76.32,26.2,26,48.4,2023-04-03 17:05:00
Kerala,8.99,76.21,37.5,11,18.9,2023-10-18 04:37:56
Kerala,12.81,76.27,19.6,97,37.0,2023-03-13 21:32:27
Kerala,11.27,76.86,40.4,48,6.4,2023-03-23 01:51:41
Kerala,12.58,74.91,17.1,14,12.2,2023-03-09 09:31:32
Kerala,10.96,75.13,14.8,86,44.2,2023-08-29 00:00:59
Kerala,12.72,76.81,7.8,52,15.0,2023-04-23 12:29:05
Kerala,8.92,75.24,28.6,42,14.9,2023-12-13 19:05:26
Kerala,10.56,75.71,43.1,48,43.2,2023-11-03 01:56:20
Kerala,12.44,77.09,29.8,28,2.7,2023-10-16 12:10:29
Kerala,9.16,76.01,22.8,90,43.0,2023-06-12 04:50:22
Kerala,11.41,74.87,38.5,91,11.2,2023-11-01 07:58:16
Kerala,10.63,77.2,18.4,64,25.2,2023-04-03 20:20:48
Kerala,9.27,77.16,5.5,23,40.3,2023-01-09 16:52:59
Kerala,11.55,76.87,12.0,21,12.6,2023-05-18 04:44:58
Kerala,11.79,77.38,5.6,64,37.6,2023-06-21 20:41:29
Kerala,10.26,75.44,20.4,23,26.7,2023-10-21 12:10:49
Kerala,11.8,75.43,15.8,36,39.6,2023-03-13 04:17:15
Kerala,10.77,75.4,42.4,84,25.7,2023-04-20 06:25:34
Kerala,11.92,75.4,18.4,49,39.7,2023-07-08 16:15:24
Kerala,12.61,76.3,17.4,55,30.0,2023-12-20 04:38:35
Kerala,11.71,77.32,14.1,18,40.9,2023-12-28 16:53:33
Kerala,12.06,76.17,29.4,28,31.7,2023-02-28 14:38:17
Kerala,8.7,75.85,8.3,85,23.5,2023-09-08 06:00:45
Kerala,10.62,76.43,44.2,38,46.8,2023-06-16 14:09:32
Kerala,12.77,76.99,30.6,11,46.4,2023-12-13 21:58:26
Kerala,10.66,76.78,43.8,81,23.8,2023-01-18 21:49:26
Kerala,9.9,74.59,13.6,81,3.5,2023-04-09 13:22:44
Kerala,11.71,75.77,22.9,71,36.8,2023-01-09 10:43:22
Kerala,8.5,74.53,30.0,24,3.2,2023-10-22 09:02:24
Kerala,11.33,77.39,34.0,17,43.2,2023-08-30 05:42:41
Kerala,9.06,76.69,19.7,44,30.7,2023-07-09 14:16:27
Kerala,10.48,75.32,13.3,72,46.0,2023-12-02 11:06:37
Kerala,8.33,75.22,20.1,26,31.0,2023-12-03 08:43:25
Kerala,10.3,75.65,30.5,73,24.0,2023-04-08 23:26:37
Kerala,8.69,76.25,5.2,57,49.3,2023-05-26 02:48:49
Kerala,8.32,77.07,11.4,37,42.4,2023-10-27 15:30:11
Kerala,12.21,76.87,6.8,14,44.0,2023-01-04 20:29:23
Kerala,11.75,76.12,8.8,97,14.5,2023-05-10 08:53:23
Kerala,9.65,76.16,16.5,59,5.2,2023-12-25 22:50:10
Kerala,8.47,75.97,28.2,30,7.8,2023-12-29 16:24:37
Kerala,12.56,75.26,10.8,93,29.5,2023-08-21 11:43:48
Kerala,12.09,75.46,12.1,16,21.1,2023-11-22 08:54:05
Kerala,9.81,75.49,37.3,65,20.7,2023-11-05 06:01:46
Kerala,10.23,76.18,27.4,42,35.4,2023-07-24 06:09:11
Kerala,12.61,74.96,42.8,78,36.8,2023-01-06 19:44:22
Kerala,10.02,76.2,23.4,40,23.5,2023-12-27 09:38:02
Kerala,10.87,76.47,8.4,42,8.8,2023-08-05 01:58:14
Kerala,12.62,75.37,21.8,44,19.4,2023-05-31 02:11:06
Kerala,9.87,76.26,30.0,98,11.8,2023-08-13 09:31:16
Kerala,8.9,74.57,23.0,97,30.2,2023-11-23 12:42:24
Kerala,10.5,74.52,31.5,20,34.0,2023-01-03 17:44:07
Kerala,9.29,74.55,11.2,44,2.9,2023-08-02 03:06:57
Kerala,11.33,75.42,11.2,71,7.9,2023-02-08 02:18:24
Kerala,10.2,74.93,32.9,56,46.8,2023-03-23 11:40:34
Kerala,10.4,75.6,25.5,47,6.7,2023-12-22 10:35:33
Kerala,11.36,75.82,22.3,65,27.2,2023-08-04 07:51:52
Kerala,10.67,76.75,12.4,80,13.9,2023-03-10 14:34:10
Kerala,10.29,77.02,33.1,52,44.8,2023-11-04 12:31:47
Kerala,9.78,75.89,13.4,43,47.7,2023-06-02 10:18:14
Kerala,12.44,77.32,33.5,88,10.0,2023-05-26 07:30:25
Kerala,8.9,75.59,32.7,43,30.8,2023-09-23 05:48:38
Kerala,11.17,75.43,32.8,62,24.8,2023-09-05 17:14:11
Kerala,12.13,75.42,44.3,43,24.1,2023-08-19 13:44:57
Kerala,11.07,76.07,7.8,43,15.3,2023-11-29 19:44:32
Kerala,9.35,74.75,27.8,91,36.1,2023-01-02 03:44:51
Kerala,11.3,75.05,28.1,49,11.5,2023-02-23 06:23:07
Kerala,8.59,74.99,42.3,48,34.7,2023-05-26 20:02:09
Kerala,10.58,75.5,8.9,19,47.6,2023-07-01 12:13:00
Kerala,11.6,75.28,8.8,45,33.4,2023-04-20 05:09:18
Kerala,11.12,77.04,39.7,66,39.4,2023-05-09 09:46:19
Kerala,9.89,75.05,9.5,34,23.2,2023-01-24 23:55:23
Kerala,10.93,75.88,43.7,96,20.5,2023-09-19 06:51:40
Kerala,10.09,77.31,30.6,88,1.1,2023-04-10 10:12:43
Kerala,12.17,77.45,37.3,49,8.9,2023-11-09 09:44:35
Kerala,10.02,75.39,23.1,45,41.6,2023-08-13 16:47:36
Kerala,10.2,76.99,15.2,57,4.1,2023-02-05 07:59:21
Kerala,11.21,77.0,38.4,16,36.8,2023-01-19 05:09:13
Kerala,10.98,76.98,39.0,73,36.8,2023-09-28 17:53:42
Kerala,10.31,77.05,31.1,32,0.2,2023-06-05 10:37:56
Kerala,12.59,76.44,26.0,93,34.5,2023-08-30 22:48:29
Kerala,12.89,76.29,24.1,61,45.0,2023-10-17 06:30:23
Kerala,12.82,76.76,36.1,56,15.1,2023-05-08 14:54:33
Kerala,9.85,77.08,27.3,72,29.2,2023-05-24 02:03:04
Kerala,9.37,75.0,19.5,44,30.4,2023-07-22 11:33:36
Kerala,10.05,76.69,43.6,83,25.2,2023-03-02 12:26:15
Kerala,10.23,77.21,24.4,46,10.9,2023-07-11 02:18:29
Kerala,11.89,75.01,12.1,77,13.6,2023-03-10 18:27:33
Kerala,12.48,75.17,36.0,47,20.1,2023-06-26 18:44:55
Kerala,9.92,77.38,35.4,42,33.5,2023-11-10 07:33:35
Kerala,10.22,76.07,6.8,84,40.1,2023-10-11 10:11:35
Kerala,11.63,76.75,22.9,89,14.8,2023-07-11 07:47:44
Kerala,11.88,75.22,10.9,29,20.6,2023-09-29 10:20:32
Kerala,10.5,75.57,25.9,17,14.8,2023-03-13 07:01:44
Kerala,12.5,74.64,19.5,21,13.6,2023-05-03 23:04:05
Kerala,10.56,75.11,35.9,84,37.3,2023-05-25 20:56:51
Kerala,10.75,76.33,17.0,22,43.0,2023-01-24 14:01:50
Kerala,10.76,75.73,22.5,42,45.9,2023-08-02 11:12:23
Kerala,8.89,75.85,28.1,49,32.4,2023-01-18 13:08:55
Kerala,12.5,76.32,30.6,85,30.5,2023-09-15 16:44:17
Kerala,11.79,74.55,32.1,17,50.0,2023-02-17 13:28:03
Kerala,10.87,76.92,29.4,91,33.6,2023-07-13 02:12:36
Kerala,12.43,75.18,41.8,25,19.2,2023-03-03 16:57:50
Kerala,10.55,77.24,34.5,38,14.7,2023-11-06 10:35:10
Kerala,12.38,77.31,29.4,12,37.0,2023-08-08 11:21:56
Kerala,8.36,74.74,26.7,69,19.0,2023-11-26 19:05:59
Kerala,8.71,77.5,11.3,12,3.7,2023-03-05 15:01:23
Kerala,10.8,76.66,25.6,66,15.1,2023-09-17 13:16:47
Kerala,11.97,76.86,22.6,38,21.8,2023-04-05 21:13:31
Kerala,10.79,74.64,29.4,40,8.0,2023-07-01 03:06:00
Kerala,9.67,76.18,34.2,52,14.6,2023-12-08 13:40:13
Kerala,9.2,76.81,20.6,38,4.3,2023-12-19 12:01:31
Kerala,11.65,76.95,18.2,31,18.4,2023-02-19 10:50:10
Kerala,11.54,75.21,5.7,21,19.3,2023-07-09 22:44:45
Kerala,12.51,76.59,21.5,25,35.1,2023-01-12 02:08:05
Kerala,9.19,77.45,14.3,38,35.2,2023-04-15 10:06:08
Kerala,10.49,77.18,32.2,28,45.4,2023-06-27 00:05:58
Kerala,10.61,76.31,36.6,62,48.5,2023-12-24 01:32:05
Kerala,11.03,76.0,29.8,100,8.3,2023-01-29 16:16:23
Maharashtra,21.02,76.66,24.3,72,47.3,2023-12-07 16:57:23
Maharashtra,20.65,80.53,31.6,83,0.1,2023-03-31 16:12:01
Maharashtra,19.12,72.98,28.4,81,14.0,2023-07-02 03:21:38
Maharashtra,16.07,78.92,32.6,21,47.5,2023-12-03 00:17:38
Maharashtra,19.45,78.33,28.1,71,15.3,2023-08-22 09:12:24
Maharashtra,16.73,78.1,17.5,67,38.9,2023-01-05 14:47:39
Maharashtra,15.71,80.77,22.1,17,17.5,2023-09-11 06:31:00
Maharashtra,21.03,79.37,30.4,90,4.8,2023-01-31 21:45:19
Maharashtra,16.71,75.74,27.2,41,16.0,2023-12-05 07:08:13
Maharashtra,17.0,80.53,29.9,59,32.3,2023-05-15 23:35:27
Maharashtra,17.48,80.56,35.3,74,12.8,2023-02-18 06:22:04
Maharashtra,21.18,77.5,16.1,35,34.7,2023-10-19 11:15:50
Maharashtra,21.58,72.69,38.2,19,2.2,2023-01-11 00:07:51
Maharashtra,16.9,76.87,8.7,68,25.4,2023-05-07 19:39:36
Maharashtra,19.68,76.21,36.1,94,26.4,2023-05-18 16:50:36
Maharashtra,16.23,73.9,9.7,70,13.2,2023-02-22 18:58:50
Maharashtra,19.4,77.78,19.1,23,27.8,2023-06-01 04:00:01
Maharashtra,21.74,74.92,8.7,47,45.2,2023-09-17 14:09:44
Maharashtra,18.75,78.81,9.2,19,36.3,2023-08-23 01:47:18
Maharashtra,18.73,74.65,5.1,72,40.2,2023-08-01 19:05:50
Maharashtra,15.99,80.7,41.1,92,48.1,2023-10-18 15:11:30
Maharashtra,20.29,77.12,18.2,90,49.2,2023-05-14 10:56:23
Maharashtra,16.4,79.85,43.5,93,15.3,2023-09-26 03:19:56
Maharashtra,20.32,78.64,20.8,18,9.6,2023-07-25 02:55:48
Maharashtra,21.4,80.24,20.4,27,27.6,2023-09-17 09:12:04
Maharashtra,19.15,76.51,17.1,86,39.5,2023-11-26 10:54:48
Maharashtra,19.33,74.97,38.2,16,27.1,2023-07-27 05:48:19
Maharashtra,19.46,77.5,26.7,79,20.4,2023-04-22 02:31:46
Maharashtra,18.38,80.24,5.0,40,22.9,2023-10-07 17:07:35
Maharashtra,15.77,73.13,40.7,53,49.0,2023-11-28 10:33:26
Maharashtra,20.89,79.95,15.0,50,5.9,2023-02-02 11:33:09
Maharashtra,19.3,74.74,41.2,43,43.5,2023-07-17 08:46:46
Maharashtra,17.67,80.28,14.0,84,33.9,2023-05-08 16:42:29
Maharashtra,17.03,76.18,33.6,98,2.7,2023-04-07 04:24:14
Maharashtra,16.45,74.99,13.3,91,21.0,2023-08-05 10:42:07
Maharashtra,20.12,75.61,14.2,29,2.5,2023-02-11 20:31:38
Maharashtra,21.58,80.42,25.7,81,4.3,2023-11-01 01:33:49
Maharashtra,20.23,80.32,35.0,31,26.3,2023-05-11 04:26:47
Maharashtra,21.21,78.8,35.9,90,45.6,2023-03-08 19:22:25
Maharashtra,17.79,75.45,26.9,25,47.3,2023-02-06 04:37:12
Maharashtra,18.42,77.68,25.0,65,1.6,2023-03-24 19:32:14
Maharashtra,20.69,78.5,28.9,60,29.3,2023-07-15 21:43:11
Maharashtra,17.03,79.3,11.7,62,7.7,2023-02-28 11:27:08
Maharashtra,18.68,78.99,19.7,47,37.1,2023-12-08 03:15:25
Maharashtra,19.4,76.89,27.7,30,27.2,2023-08-16 08:05:25
Maharashtra,21.76,76.77,38.9,75,9.7,2023-10-01 19:12:58
Maharashtra,19.48,79.34,19.5,62,31.3,2023-04-01 04:19:23
Maharashtra,18.27,76.28,14.1,87,8.5,2023-09-03 01:15:49
Maharashtra,15.89,79.42,34.7,41,35.6,2023-08-22 16:01:38
Maharashtra,21.09,77.6,32.4,64,46.0,2023-12-03 19:54:14
Maharashtra,20.24,75.03,25.7,29,36.5,2023-02-27 05:32:56
Maharashtra,18.68,77.64,23.5,50,31.5,2023-09-19 12:02:33
Maharashtra,20.19,74.92,11.4,42,22.4,2023-08-20 06:11:58
Maharashtra,20.22,78.24,21.3,57,46.3,2023-10-04 22:12:31
Maharashtra,18.86,74.73,42.6,89,24.7,2023-03-17 07:23:17
Maharashtra,17.01,80.84,27.0,72,49.0,2023-02-11 07:53:42
Maharashtra,21.29,78.24,41.6,65,8.0,2023-08-17 10:49:46
Maharashtra,17.04,77.99,39.7,41,49.4,2023-02-16 19:52:00
Maharashtra,18.04,80.63,6.6,50,48.2,2023-01-14 23:46:03
Maharashtra,19.14,74.33,24.5,74,38.4,2023-01-18 19:45:35
Maharashtra,20.19,79.15,27.2,68,32.8,2023-10-17 14:31:11
Maharashtra,17.99,76.55,14.1,58,44.2,2023-08-06 22:32:04
Maharashtra,18.16,79.75,44.1,32,39.0,2023-11-26 06:30:04
Maharashtra,20.18,74.4,37.0,100,31.6,2023-01-24 02:58:26
Maharashtra,15.82,79.2,34.6,42,48.9,2023-10-31 08:54:44
Maharashtra,20.65,78.16,34.9,46,18.0,2023-07-17 16:20:58
Maharashtra,21.08,79.31,26.7,50,37.2,2023-05-24 11:19:41
Maharashtra,16.72,78.42,39.4,57,15.9,2023-02-14 11:57:01
Maharashtra,16.61,79.13,43.5,29,9.9,2023-12-14 00:33:46
Maharashtra,17.09,75.94,23.8,98,21.4,2023-11-11 03:54:27
Maharashtra,18.26,75.02,42.9,82,27.8,2023-12-26 07:47:09
Maharashtra,20.24,75.09,31.3,94,6.4,2023-01-31 10:15:20
Maharashtra,21.06,76.91,32.6,23,43.6,2023-04-06 06:16:06
Maharashtra,20.82,77.13,38.7,97,40.7,2023-03-10 08:46:24
Maharashtra,15.94,73.59,23.5,80,18.8,2023-08-19 00:08:42
Maharashtra,16.16,78.74,13.2,41,40.7,2023-12-14 16:55:06
Maharashtra,20.37,73.7,42.8,77,7.9,2023-06-20 09:53:16
Maharashtra,19.03,75.07,21.2,79,29.3,2023-03-02 05:19:38
Maharashtra,18.59,78.52,10.0,95,8.6,2023-01-21 15:59:22
Maharashtra,19.29,79.68,27.4,71,21.7,2023-07-16 20:44:19
Maharashtra,15.8,74.82,18.8,18,22.1,2023-06-06 02:33:12
Maharashtra,17.64,80.1,9.9,29,30.7,2023-01-17 00:15:41
Maharashtra,18.2,77.63,17.8,80,5.1,2023-07-27 00:02:22
Maharashtra,20.36,78.84,25.2,98,45.8,2023-01-25 09:20:16
Maharashtra,19.74,73.67,21.6,19,7.4,2023-11-03 11:11:57
Maharashtra,20.35,76.38,22.8,45,47.9,2023-08-01 10:48:29
Maharashtra,21.35,79.3,15.3,45,24.6,2023-11-29 18:07:48
Maharashtra,21.14,79.51,23.2,59,46.3,2023-04-21 11:44:07
Maharashtra,20.88,78.35,25.1,70,39.8,2023-06-28 21:57:03
Maharashtra,16.33,76.58,17.4,22,24.4,2023-01-04 21:29:26
Maharashtra,17.36,76.4,41.2,29,36.7,2023-03-07 07:16:38
Maharashtra,17.6,76.7,11.8,26,48.0,2023-02-09 20:11:21
Maharashtra,20.96,77.87,18.9,50,16.2,2023-12-22 17:43:02
Maharashtra,18.24,74.06,19.5,23,3.7,2023-06-02 11:38:55
Maharashtra,19.3,80.19,39.3,91,14.6,2023-03-05 02:58:16
Maharashtra,20.05,73.49,36.1,12,31.2,2023-04-01 18:33:02
Maharashtra,16.7,80.65,8.6,18,7.8,2023-06-19 07:55:20
Maharashtra,19.57,77.5,31.7,12,8.3,2023-08-31 00:58:36
Maharashtra,19.16,75.12,7.1,85,40.2,2023-12-15 22:54:16
Maharashtra,21.31,74.65,6.5,47,16.5,2023-02-22 17:52:26
Maharashtra,16.21,78.09,41.1,10,16.8,2023-09-27 00:54:51
Maharashtra,21.78,73.18,20.6,92,14.5,2023-06-07 15:32:32
Maharashtra,20.82,75.15,20.9,75,1.2,2023-02-23 18:42:08
Maharashtra,17.81,74.19,16.9,43,21.9,2023-11-14 18:56:45
Maharashtra,16.36,73.23,18.5,88,22.3,2023-01-18 16:49:52
Maharashtra,21.48,78.83,33.1,100,9.5,2023-04-23 20:54:35
Maharashtra,16.01,75.78,38.6,46,25.7,2023-08-26 22:19:26
Maharashtra,16.2,78.49,25.6,63,6.5,2023-07-30 02:36:19
Maharashtra,15.61,79.37,27.3,53,31.9,2023-10-27 18:54:53
Maharashtra,16.39,76.63,14.9,75,20.9,2023-12-19 22:07:28
Maharashtra,20.43,79.0,24.7,54,29.9,2023-10-17 12:33:02
Maharashtra,19.81,76.38,41.6,45,39.6,2023-08-26 01:56:05
Maharashtra,16.33,73.26,22.9,72,41.9,2023-01-31 07:53:06
Maharashtra,15.62,77.31,15.9,93,47.8,2023-10-02 07:42:28
Maharashtra,17.45,76.22,34.9,22,8.3,2023-12-12 01:43:40
Maharashtra,18.95,75.72,41.0,52,13.5,2023-11-26 12:30:01
Maharashtra,16.93,79.68,17.9,32,23.4,2023-07-08 08:22:30
Maharashtra,20.27,72.69,31.1,33,37.0,2023-10-20 13:13:18
Maharashtra,16.13,78.04,21.0,79,13.6,2023-02-03 06:53:37
Maharashtra,18.63,73.37,11.0,80,26.2,2023-08-13 07:08:53
Maharashtra,20.46,73.6,24.8,98,12.9,2023-05-31 06:37:23
Maharashtra,16.88,76.87,6.8,37,8.7,2023-07-31 09:56:58
Maharashtra,19.91,79.93,7.9,77,9.5,2023-08-11 15:48:04
Maharashtra,16.76,72.81,12.9,87,41.3,2023-03-13 02:06:59
Maharashtra,17.02,75.17,42.5,71,14.5,2023-04-12 01:09:28
Maharashtra,16.83,79.48,38.9,46,35.8,2023-09-17 08:42:59
Maharashtra,20.79,78.3,32.9,93,7.9,2023-04-03 19:16:24
Maharashtra,16.08,78.83,8.5,22,7.3,2023-06-04 18:27:48
Maharashtra,21.71,75.18,9.3,55,29.3,2023-10-05 17:47:58
Maharashtra,16.33,76.79,41.3,81,47.6,2023-07-09 21:10:49
Maharashtra,18.5,79.15,40.8,64,47.3,2023-01-06 14:38:15
Maharashtra,18.85,76.13,20.5,70,14.8,2023-08-07 06:22:15
Maharashtra,16.35,79.53,31.5,46,22.5,2023-12-08 10:36:53
Maharashtra,16.55,76.58,39.5,49,48.9,2023-02-16 16:47:24
Maharashtra,17.11,78.31,8.1,40,4.0,2023-10-05 04:07:22
Maharashtra,21.65,76.63,17.4,44,49.6,2023-08-07 04:23:35
Maharashtra,16.66,75.87,36.3,24,13.0,2023-10-19 23:55:28
Maharashtra,20.36,79.23,25.5,66,49.3,2023-06-14 11:44:33
Maharashtra,19.17,78.31,29.9,75,1.0,2023-07-15 05:10:22
Maharashtra,16.71,76.01,7.4,63,31.6,2023-01-04 17:52:10
Maharashtra,16.15,77.25,5.3,18,11.8,2023-02-25 00:23:50
Maharashtra,20.17,78.43,17.6,91,4.9,2023-06-14 17:12:08
Maharashtra,16.44,80.11,36.0,82,42.6,2023-10-05 02:17:21
Maharashtra,18.35,77.02,34.3,23,47.5,2023-03-01 10:42:53
Maharashtra,21.03,73.9,20.4,10,34.6,2023-12-27 04:20:17
Maharashtra,19.34,78.85,15.5,92,32.3,2023-08-25 00:40:05
Maharashtra,20.84,76.39,44.0,34,38.7,2023-09-16 21:29:45
Maharashtra,19.85,77.79,6.4,43,21.6,2023-11-21 11:05:44
Maharashtra,17.52,80.57,14.6,36,36.1,2023-04-11 23:53:41
Maharashtra,21.07,78.73,43.3,59,0.9,2023-03-23 12:27:58
Maharashtra,17.01,79.7,38.5,86,4.7,2023-10-26 08:25:36
Maharashtra,16.39,73.58,25.9,58,32.9,2023-09-07 15:04:45
Maharashtra,21.91,73.54,20.1,13,38.2,2023-05-29 22:35:04
Maharashtra,20.27,78.88,7.6,64,17.3,2023-05-05 18:16:43
Maharashtra,15.68,76.0,31.0,18,11.1,2023-05-07 16:09:44
Maharashtra,16.62,73.41,14.8,24,40.2,2023-11-23 02:27:06
Maharashtra,17.21,79.79,36.3,68,25.4,2023-02-10 09:56:39
Maharashtra,16.44,75.0,42.7,46,29.7,2023-02-04 14:13:57
Maharashtra,16.14,75.93,14.6,31,11.3,2023-02-25 05:08:35
Maharashtra,16.61,73.13,28.7,40,47.1,2023-01-08 12:56:16
Maharashtra,16.02,78.79,27.8,33,7.8,2023-02-07 13:27:01
Maharashtra,16.65,72.81,42.1,82,33.5,2023-12-07 16:40:40
Maharashtra,20.79,80.49,34.4,44,9.7,2023-12-16 05:58:14
Maharashtra,19.49,73.4,32.3,70,47.7,2023-08-25 18:29:50
Maharashtra,21.43,79.86,31.1,53,13.1,2023-12-18 20:38:34
Maharashtra,17.0,73.53,32.7,14,46.6,2023-06-04 13:00:47
Jammu and Kashmir,34.35,75.24,34.3,75,22.5,2023-06-24 21:39:50
Jammu and Kashmir,35.8,78.87,5.4,51,29.6,2023-06-02 03:26:06
Jammu and Kashmir,32.68,78.2,16.6,63,48.2,2023-01-22 18:35:34
Jammu and Kashmir,33.51,79.34,29.9,40,42.4,2023-10-02 20:18:03
Jammu and Kashmir,35.06,79.74,31.1,97,24.1,2023-09-03 02:55:36
Jammu and Kashmir,35.14,77.25,33.6,37,37.8,2023-03-22 02:36:44
Jammu and Kashmir,33.42,76.31,12.0,100,46.8,2023-03-05 04:47:18
Jammu and Kashmir,33.89,74.23,28.6,59,31.8,2023-01-29 06:10:15
Jammu and Kashmir,33.48,76.75,31.3,77,16.3,2023-05-03 10:57:47
Jammu and Kashmir,35.91,79.44,28.0,32,45.7,2023-01-10 19:40:29
Jammu and Kashmir,33.77,78.77,34.8,83,45.2,2023-04-16 20:54:42
Jammu and Kashmir,34.73,78.99,26.5,42,29.7,2023-03-01 13:50:07
Jammu and Kashmir,32.24,77.9,30.2,49,40.7,2023-05-07 08:44:14
Jammu and Kashmir,35.53,73.81,14.7,32,7.7,2023-06-14 07:17:22
Jammu and Kashmir,35.16,78.13,7.9,23,17.0,2023-12-13 02:01:04
Jammu and Kashmir,34.9,77.16,44.9,59,46.6,2023-10-09 14:38:18
Jammu and Kashmir,32.81,79.12,13.4,60,22.5,2023-11-08 20:59:01
Jammu and Kashmir,32.55,75.65,37.8,30,25.6,2023-10-30 08:39:25
Jammu and Kashmir,32.82,76.19,10.0,38,13.2,2023-04-15 08:33:12
Jammu and Kashmir,35.14,78.0,14.7,30,49.3,2023-02-13 05:43:49
Jammu and Kashmir,34.94,79.37,33.4,10,23.0,2023-12-15 17:06:27
Jammu and Kashmir,35.17,78.11,18.3,35,43.0,2023-09-21 08:31:57
Jammu and Kashmir,32.41,78.81,18.8,83,41.8,2023-10-04 03:34:03
Jammu and Kashmir,34.69,80.08,41.4,92,5.9,2023-01-03 15:45:04
Jammu and Kashmir,32.92,74.96,9.6,12,40.2,2023-01-14 22:53:46
Jammu and Kashmir,34.27,79.73,40.0,65,39.4,2023-09-06 05:52:13
Jammu and Kashmir,32.46,76.85,29.7,10,39.9,2023-05-02 13:29:57
Jammu and Kashmir,35.38,80.13,30.9,91,17.2,2023-05-10 10:47:16
Jammu and Kashmir,34.65,77.7,39.2,26,41.7,2023-10-25 02:49:22
Jammu and Kashmir,33.33,80.19,21.9,94,31.1,2023-12-04 13:10:08
Jammu and Kashmir,32.79,80.04,13.9,80,30.4,2023-10-23 20:40:37
Jammu and Kashmir,34.71,73.88,10.5,89,27.5,2023-03-12 20:26:33
Jammu and Kashmir,34.11,75.42,29.4,26,34.9,2023-04-11 16:23:07
Jammu and Kashmir,33.52,78.2,37.3,37,32.1,2023-12-01 04:11:33
Jammu and Kashmir,33.11,78.23,26.3,100,3.6,2023-07-04 04:09:22
Jammu and Kashmir,35.58,74.64,29.8,28,35.8,2023-01-19 19:55:04
Jammu and Kashmir,32.55,77.35,10.9,59,29.8,2023-05-15 21:49:25
Jammu and Kashmir,33.91,78.64,19.6,53,7.6,2023-02-09 23:11:22
Jammu and Kashmir,33.37,77.06,24.7,56,9.7,2023-02-26 05:31:55
Jammu and Kashmir,33.35,77.12,35.8,79,49.2,2023-07-14 18:00:45
Jammu and Kashmir,34.79,79.37,16.1,97,28.8,2023-03-27 14:16:44
Jammu and Kashmir,34.56,76.89,6.3,64,29.4,2023-02-07 17:05:59
Jammu and Kashmir,34.96,79.27,25.7,79,5.3,2023-02-22 07:39:52
Jammu and Kashmir,35.18,78.51,23.7,40,8.6,2023-10-07 06:05:55
Jammu and Kashmir,33.41,79.52,42.7,22,15.5,2023-02-22 15:33:14
Jammu and Kashmir,35.83,77.16,29.4,92,8.8,2023-01-24 03:12:00
Jammu and Kashmir,33.31,78.87,17.3,68,19.8,2023-08-18 07:48:57
Jammu and Kashmir,33.69,75.13,26.9,47,17.2,2023-09-22 17:42:26
Jammu and Kashmir,33.8,74.57,15.6,45,3.5,2023-07-14 01:22:51
Jammu and Kashmir,33.95,75.37,27.3,58,9.1,2023-01-27 13:22:54
Jammu and Kashmir,33.95,80.06,20.2,16,42.6,2023-03-18 16:47:23
Jammu and Kashmir,35.36,78.03,23.2,76,18.1,2023-02-16 01:31:29
Jammu and Kashmir,35.91,73.81,19.3,38,23.6,2023-04-15 07:57:11
Jammu and Kashmir,34.36,77.71,36.0,77,9.4,2023-03-14 08:24:21
Jammu and Kashmir,34.3,80.15,37.9,44,35.1,2023-10-11 13:06:33
Jammu and Kashmir,35.72,77.08,26.4,64,44.6,2023-04-29 11:20:31
Jammu and Kashmir,35.17,75.64,9.3,25,32.4,2023-05-02 03:49:20
Jammu and Kashmir,33.5,79.59,40.6,87,12.1,2023-10-17 16:18:12
Jammu and Kashmir,33.29,77.92,7.0,95,8.5,2023-12-07 01:02:09
Jammu and Kashmir,35.98,75.61,27.3,94,10.5,2023-09-29 17:38:30
Jammu and Kashmir,35.59,76.58,21.2,79,28.4,2023-08-28 17:54:43
Jammu and Kashmir,35.61,76.81,5.4,25,38.4,2023-08-15 02:22:33
Jammu and Kashmir,33.9,79.31,32.3,39,49.6,2023-03-31 20:45:36
Jammu and Kashmir,33.55,76.95,38.6,38,26.7,2023-08-24 13:45:04
Jammu and Kashmir,34.38,74.89,38.3,18,45.0,2023-05-04 06:23:47
Jammu and Kashmir,34.3,75.66,37.0,46,2.5,2023-01-01 03:45:39
Jammu and Kashmir,32.86,75.76,21.7,91,8.4,2023-04-17 14:03:58
Jammu and Kashmir,34.89,76.19,25.0,17,35.7,2023-05-13 05:07:11
Jammu and Kashmir,33.1,73.68,22.6,95,10.1,2023-10-20 15:11:44
Jammu and Kashmir,35.04,76.54,21.0,80,45.6,2023-06-21 05:18:19
Jammu and Kashmir,35.9,75.07,25.6,31,8.2,2023-06-21 13:16:27
Jammu and Kashmir,35.65,79.46,16.4,58,7.2,2023-12-17 02:12:35
Jammu and Kashmir,35.55,77.87,42.5,18,33.8,2023-07-29 05:06:28
Jammu and Kashmir,33.08,75.44,19.6,67,22.8,2023-09-20 01:04:28
Jammu and Kashmir,34.2,76.4,12.2,86,43.8,2023-12-19 21:37:28
Jammu and Kashmir,33.24,75.22,7.2,51,38.1,2023-10-07 02:31:49
Jammu and Kashmir,34.05,78.22,10.8,71,34.9,2023-10-11 00:10:25
Jammu and Kashmir,33.71,76.04,36.7,36,44.7,2023-04-23 11:06:38
Jammu and Kashmir,33.91,74.37,20.1,27,40.6,2023-07-16 10:23:37
Jammu and Kashmir,33.71,76.89,27.0,13,33.9,2023-04-26 01:54:01
Jammu and Kashmir,33.6,73.69,11.4,92,6.7,2023-01-11 04:41:55
Jammu and Kashmir,34.23,74.17,7.3,79,32.9,2023-04-04 04:15:34
Jammu and Kashmir,35.27,79.71,43.3,78,28.4,2023-08-06 21:31:49
Jammu and Kashmir,34.69,75.67,25.2,47,17.1,2023-01-21 17:35:21
Jammu and Kashmir,33.79,75.32,14.9,74,37.5,2023-09-05 03:02:32
Jammu and Kashmir,33.71,76.5,41.6,60,47.6,2023-02-16 23:58:30
Jammu and Kashmir,33.89,73.98,43.5,27,1.2,2023-04-29 17:25:59
Jammu and Kashmir,33.35,74.85,20.6,45,24.1,2023-03-16 10:10:42
Jammu and Kashmir,34.25,77.9,30.1,31,40.3,2023-02-02 11:20:43
Jammu and Kashmir,34.33,76.93,16.0,61,37.0,2023-10-24 04:37:01
Jammu and Kashmir,33.99,75.08,5.6,11,12.0,2023-01-02 09:25:47
Jammu and Kashmir,32.79,75.43,42.0,63,15.1,2023-07-17 17:29:28
Jammu and Kashmir,35.44,76.45,39.6,66,0.9,2023-03-01 18:58:12
Jammu and Kashmir,33.2,77.68,6.1,97,27.5,2023-08-21 09:39:29
Jammu and Kashmir,33.01,75.07,5.5,45,39.9,2023-11-06 17:28:01
Jammu and Kashmir,33.71,77.4,9.3,56,10.1,2023-06-28 01:32:00
Jammu and Kashmir,33.0,74.12,16.0,48,6.7,2023-12-11 02:12:29
Jammu and Kashmir,35.35,79.51,33.2,71,40.3,2023-09-03 15:55:45
Jammu and Kashmir,33.18,75.81,18.2,28,5.4,2023-06-29 09:57:24
Jammu and Kashmir,34.07,80.16,25.8,71,34.0,2023-08-21 18:41:37
Jammu and Kashmir,33.29,74.02,9.5,29,12.4,2023-11-23 09:12:13
Jammu and Kashmir,35.84,75.18,35.6,96,15.8,2023-06-25 13:27:31
Jammu and Kashmir,33.8,79.91,15.8,67,39.0,2023-01-20 10:26:24
Jammu and Kashmir,34.12,78.02,44.3,35,45.2,2023-09-30 18:35:06
Jammu and Kashmir,35.8,78.34,36.6,45,13.2,2023-02-01 23:17:06
Jammu and Kashmir,33.53,79.54,17.4,94,12.7,2023-12-06 14:16:25
Jammu and Kashmir,34.4,77.48,19.5,30,0.6,2023-04-13 18:50:56
Jammu and Kashmir,35.66,77.57,11.7,57,35.9,2023-11-01 02:50:02
Jammu and Kashmir,33.38,73.96,35.5,16,19.3,2023-11-20 03:06:48
Jammu and Kashmir,34.74,75.89,17.2,69,6.7,2023-08-23 16:08:56
Jammu and Kashmir,34.39,78.36,14.6,16,48.4,2023-11-15 08:22:22
Jammu and Kashmir,33.01,75.22,23.1,90,9.5,2023-11-03 15:43:02
Jammu and Kashmir,33.11,77.61,39.8,73,15.5,2023-01-23 11:47:00
Jammu and Kashmir,34.72,79.39,29.7,33,47.4,2023-06-05 01:48:12
Jammu and Kashmir,34.5,79.56,39.9,19,20.9,2023-04-20 16:30:45
Jammu and Kashmir,35.17,75.52,12.7,19,31.3,2023-06-04 13:24:55
Jammu and Kashmir,32.4,79.8,12.6,100,2.9,2023-07-11 21:39:03
Jammu and Kashmir,35.25,73.9,34.3,90,24.5,2023-02-13 19:50:51
Jammu and Kashmir,34.8,74.1,12.6,99,46.4,2023-02-11 04:32:05
Jammu and Kashmir,35.08,77.29,19.1,73,38.6,2023-02-17 07:46:16
Jammu and Kashmir,33.99,80.2,14.6,24,26.8,2023-05-04 17:53:59
Jammu and Kashmir,33.73,75.63,33.4,69,18.0,2023-09-27 20:30:30
Jammu and Kashmir,34.73,74.98,31.3,40,17.8,2023-04-02 17:28:54
Jammu and Kashmir,33.88,75.34,18.1,76,41.1,2023-09-11 21:37:45
Jammu and Kashmir,34.57,78.56,28.6,45,5.2,2023-06-10 16:01:56
Jammu and Kashmir,35.66,75.28,23.7,41,7.4,2023-04-06 18:23:19
Jammu and Kashmir,34.82,79.8,42.6,66,25.9,2023-11-01 19:44:07
Jammu and Kashmir,35.33,77.24,9.2,70,41.7,2023-01-22 08:32:49
Jammu and Kashmir,33.83,75.26,35.6,92,39.5,2023-02-20 01:59:03
Jammu and Kashmir,35.53,78.11,8.0,50,11.3,2023-01-27 08:38:36
Jammu and Kashmir,35.49,78.9,26.5,54,48.1,2023-06-08 01:32:07
Jammu and Kashmir,32.59,75.81,42.7,62,48.8,2023-09-12 12:34:53
Jammu and Kashmir,35.45,79.59,17.2,72,9.4,2023-12-10 08:49:09
Jammu and Kashmir,33.01,77.36,34.0,23,6.6,2023-05-25 01:30:18
Jammu and Kashmir,35.52,78.43,44.9,62,3.0,2023-08-14 04:15:34
Jammu and Kashmir,32.42,77.32,29.1,87,27.5,2023-03-07 18:37:34
Jammu and Kashmir,35.5,75.02,17.1,35,34.8,2023-08-09 16:32:01
Jammu and Kashmir,33.07,73.84,12.8,93,2.4,2023-03-14 16:43:51
Jammu and Kashmir,34.05,74.02,31.8,36,1.1,2023-12-18 22:54:32
Jammu and Kashmir,35.1,75.96,21.9,14,2.8,2023-07-15 15:28:33
Jammu and Kashmir,33.33,74.66,6.5,70,14.7,2023-11-07 08:49:18
Jammu and Kashmir,34.05,79.19,28.1,42,31.4,2023-05-04 05:15:03
Jammu and Kashmir,34.1,74.76,5.4,63,3.6,2023-08-25 22:56:03
Jammu and Kashmir,34.61,79.42,15.9,47,48.6,2023-03-25 06:53:19
Jammu and Kashmir,35.45,73.89,5.9,29,38.3,2023-10-24 16:46:33
Jammu and Kashmir,33.97,76.92,29.5,71,5.7,2023-03-27 23:31:13
Jammu and Kashmir,32.37,76.33,14.8,40,45.2,2023-02-26 15:56:09
Jammu and Kashmir,32.63,79.82,36.4,83,9.5,2023-01-05 02:07:51
Jammu and Kashmir,34.49,74.96,31.9,27,13.9,2023-08-21 04:40:26
Jammu and Kashmir,33.92,77.86,42.2,85,24.1,2023-10-12 22:52:52
Jammu and Kashmir,33.96,80.17,18.6,62,31.5,2023-12-06 15:58:29
Jammu and Kashmir,35.46,76.21,29.9,49,40.4,2023-07-17 03:02:18
Jammu and Kashmir,33.79,80.19,10.6,76,43.1,2023-07-25 22:23:17
Jammu and Kashmir,34.71,73.86,37.1,29,38.5,2023-10-30 22:39:32
Jammu and Kashmir,35.43,79.66,7.7,82,43.9,2023-11-19 19:48:46
Jammu and Kashmir,32.72,73.81,35.9,89,10.2,2023-09-15 06:50:42
Jammu and Kashmir,35.88,78.61,34.9,90,3.5,2023-05-29 22:04:24
Jammu and Kashmir,35.79,78.31,18.0,48,49.8,2023-05-09 20:58:36
Jammu and Kashmir,32.48,78.65,6.6,21,19.1,2023-05-28 14:47:07
Jammu and Kashmir,34.21,78.42,15.0,86,35.7,2023-04-20 09:51:20
Jammu and Kashmir,33.9,76.14,27.0,12,20.4,2023-06-17 22:10:44
Jammu and Kashmir,34.32,76.53,33.5,42,1.8,2023-10-18 00:52:05
Jammu and Kashmir,33.28,74.67,20.8,85,20.8,2023-06-18 00:37:25
Jammu and Kashmir,35.3,76.38,21.1,89,19.1,2023-02-21 00:01:58
Jammu and Kashmir,34.53,79.34,17.9,89,12.9,2023-05-08 17:49:56
Jammu and Kashmir,33.49,74.0,7.6,30,36.9,2023-10-04 15:46:35
Delhi,28.75,77.09,9.3,64,31.6,2023-08-22 06:33:27
Delhi,28.65,77.06,39.8,55,20.9,2023-03-20 09:00:15
Delhi,28.79,77.25,23.8,19,15.9,2023-11-14 12:18:57
Delhi,28.7,77.18,7.0,80,27.6,2023-02-11 02:39:29
Delhi,28.58,77.0,9.9,68,22.3,2023-08-06 23:26:02
Delhi,28.7,77.01,44.6,61,8.2,2023-11-23 05:56:19
Delhi,28.49,77.11,27.3,81,18.5,2023-04-06 17:10:08
Delhi,28.47,77.17,9.8,16,45.2,2023-05-25 01:59:53
Delhi,28.84,77.01,42.3,51,34.9,2023-12-10 06:28:09
Delhi,28.8,76.84,21.4,39,32.2,2023-09-09 04:14:18
Delhi,28.88,77.23,33.0,69,47.3,2023-05-27 02:52:19
Delhi,28.85,77.1,10.7,91,5.1,2023-12-28 05:34:45
Delhi,28.86,77.28,21.9,24,43.4,2023-09-07 05:38:08
Delhi,28.42,77.08,38.4,74,23.5,2023-10-01 20:12:28
Delhi,28.78,77.13,35.6,97,27.0,2023-09-03 20:52:27
Delhi,28.72,77.03,12.8,75,37.3,2023-05-04 22:35:22
Delhi,28.69,77.03,44.3,40,44.0,2023-03-06 11:06:49
Delhi,28.86,77.13,16.0,41,0.0,2023-08-05 13:06:42
Delhi,28.85,77.16,30.6,25,22.1,2023-02-09 13:22:39
Delhi,28.73,77.26,33.9,40,12.0,2023-03-22 13:28:19
Delhi,28.54,77.24,8.8,82,35.8,2023-03-21 19:01:49
Delhi,28.75,77.22,33.4,59,1.3,2023-04-27 16:42:37
Delhi,28.54,76.86,5.0,26,37.9,2023-12-16 00:05:56
Delhi,28.75,77.08,31.3,30,44.8,2023-03-07 15:56:17
Delhi,28.72,77.04,16.9,82,19.0,2023-01-08 04:49:05
Delhi,28.74,77.15,43.3,57,28.0,2023-09-16 04:44:41
Delhi,28.56,76.85,38.3,88,37.9,2023-08-29 07:28:54
Delhi,28.72,77.09,18.5,97,43.2,2023-02-05 03:01:37
Delhi,28.76,76.98,32.4,35,40.7,2023-03-21 09:54:47
Delhi,28.5,76.84,32.7,100,19.5,2023-10-20 04:53:02
Delhi,28.71,76.96,16.5,92,32.4,2023-09-29 20:48:15
Delhi,28.66,77.11,5.8,17,49.7,2023-08-02 03:49:13
Delhi,28.67,77.1,41.4,81,18.7,2023-06-16 22:25:27
Delhi,28.53,76.94,23.2,13,42.1,2023-09-11 10:58:58
Delhi,28.66,77.24,37.2,60,36.3,2023-01-10 18:06:59
Delhi,28.62,77.14,7.7,29,25.3,2023-11-24 10:22:18
Delhi,28.66,76.92,42.1,29,15.6,2023-04-07 10:16:33
Delhi,28.8,76.85,19.1,67,17.4,2023-08-10 05:11:46
Delhi,28.75,77.02,18.3,64,30.3,2023-03-23 21:48:12
Delhi,28.52,77.12,36.9,67,26.7,2023-03-09 13:33:23
Delhi,28.74,77.12,18.3,35,32.9,2023-11-03 18:02:28
Delhi,28.71,77.1,37.3,44,24.6,2023-10-30 13:54:47
Delhi,28.62,77.28,17.7,12,14.8,2023-11-05 07:48:35
Delhi,28.75,77.14,44.6,13,36.7,2023-09-26 00:08:52
Delhi,28.61,77.21,41.9,41,42.1,2023-05-30 05:08:23
Delhi,28.87,76.83,8.5,91,17.0,2023-01-14 12:30:46
Delhi,28.72,76.95,20.6,93,31.7,2023-06-30 10:57:45
Delhi,28.83,77.0,29.6,36,42.9,2023-07-20 05:13:27
Delhi,28.62,76.8,39.7,30,42.3,2023-01-06 00:31:06
Delhi,28.81,77.17,35.8,84,15.1,2023-02-13 12:02:59
Delhi,28.54,77.24,9.7,39,19.6,2023-01-24 01:42:05
Delhi,28.45,77.1,6.2,95,41.5,2023-01-20 17:12:49
Delhi,28.71,76.82,29.6,18,6.3,2023-07-09 05:34:01
Delhi,28.46,76.94,30.0,19,28.7,2023-08-23 13:59:15
Delhi,28.73,76.85,37.7,55,41.9,2023-03-18 12:58:41
Delhi,28.67,77.24,13.1,52,0.8,2023-09-27 07:35:37
Delhi,28.75,76.98,28.1,21,35.6,2023-08-19 16:55:45
Delhi,28.82,76.95,11.1,74,44.1,2023-08-08 11:15:45
Delhi,28.74,77.06,24.5,50,3.7,2023-12-24 06:32:13
Delhi,28.5,76.97,42.0,75,25.0,2023-05-05 17:52:59
Delhi,28.7,77.21,22.9,85,13.6,2023-02-13 00:46:17
Delhi,28.85,77.08,16.8,93,22.5,2023-12-23 12:54:00
Delhi,28.79,77.13,26.5,86,10.5,2023-06-03 01:04:28
Delhi,28.5,77.26,41.0,84,40.4,2023-03-28 09:14:01
Delhi,28.58,77.28,10.9,16,22.2,2023-02-07 12:46:17
Delhi,28.88,77.2,43.6,58,2.2,2023-09-29 19:19:00
Delhi,28.79,77.04,41.5,82,44.2,2023-08-19 11:19:17
Delhi,28.9,76.8,23.0,14,8.5,2023-05-30 04:00:02
Delhi,28.5,76.81,29.3,22,6.5,2023-12-04 01:49:23
Delhi,28.6,77.02,38.0,87,3.5,2023-08-29 16:18:58
Delhi,28.64,77.13,7.5,49,40.5,2023-03-21 05:23:57
Delhi,28.84,76.99,19.2,78,47.1,2023-06-25 21:49:44
Delhi,28.78,76.96,38.2,71,24.4,2023-11-12 22:18:38
Delhi,28.67,76.97,10.7,59,12.6,2023-10-27 17:42:16
Delhi,28.63,76.92,12.2,56,33.6,2023-07-04 18:34:01
Delhi,28.84,77.07,20.9,56,13.3,2023-06-18 07:09:07
Delhi,28.69,76.86,11.3,36,40.3,2023-12-13 16:35:59
Delhi,28.66,77.04,14.9,40,1.5,2023-04-09 15:12:17
Delhi,28.82,76.82,16.7,95,8.1,2023-02-03 11:07:56
Delhi,28.45,77.0,16.8,16,5.9,2023-10-19 18:25:40
Delhi,28.75,76.99,39.2,97,5.5,2023-12-11 12:10:04
Delhi,28.81,77.29,19.7,33,5.7,2023-05-23 18:36:37
Delhi,28.63,77.04,35.0,57,37.0,2023-04-15 06:42:09
Delhi,28.57,77.04,32.3,46,6.4,2023-07-24 17:47:43
Delhi,28.85,76.97,23.0,47,30.7,2023-01-29 15:26:31
Delhi,28.55,77.18,37.8,86,40.0,2023-05-03 08:44:48
Delhi,28.46,77.06,21.3,23,45.1,2023-04-21 17:02:36
Delhi,28.52,77.15,29.4,94,45.6,2023-08-18 15:13:15
Delhi,28.69,76.89,25.8,16,37.1,2023-09-04 02:10:56
Delhi,28.44,77.24,11.0,73,42.1,2023-03-07 12:41:50
Delhi,28.86,77.06,10.9,73,17.3,2023-07-30 18:02:18
Delhi,28.82,77.17,27.8,35,23.1,2023-11-02 18:33:49
Delhi,28.81,77.02,8.3,26,41.4,2023-12-22 15:36:03
Delhi,28.67,76.94,36.7,26,43.0,2023-04-10 22:30:02
Delhi,28.83,77.21,29.3,18,27.9,2023-02-01 12:25:47
Delhi,28.74,77.16,9.4,100,8.2,2023-09-11 12:38:20
Delhi,28.6,76.8,17.2,44,43.9,2023-06-24 09:03:09
Delhi,28.88,77.23,33.3,16,29.9,2023-05-20 20:01:27
Delhi,28.52,77.08,34.8,34,23.3,2023-11-29 05:12:21
Delhi,28.51,77.27,27.1,50,44.9,2023-09-25 08:31:51
Delhi,28.71,76.97,9.6,96,17.7,2023-11-13 13:17:26
Delhi,28.77,77.27,40.0,82,3.5,2023-06-06 18:28:45
Delhi,28.51,77.16,28.5,43,13.9,2023-07-14 02:03:48
Delhi,28.45,76.81,31.5,36,18.7,2023-10-04 01:30:23
Delhi,28.43,76.83,13.5,31,16.0,2023-04-27 21:08:05
Delhi,28.67,77.08,28.9,87,32.0,2023-07-08 13:16:19
Delhi,28.87,76.95,6.7,93,13.3,2023-01-17 14:43:07
Delhi,28.86,76.85,14.9,91,5.7,2023-10-05 19:20:26
Delhi,28.89,76.9,41.1,63,32.9,2023-07-04 07:23:12
Delhi,28.79,77.17,34.0,48,1.6,2023-10-21 21:48:07
Delhi,28.79,77.19,26.4,39,3.2,2023-03-18 20:10:49
Delhi,28.64,77.26,16.3,60,13.3,2023-11-16 10:01:06
Delhi,28.57,76.9,22.3,79,7.5,2023-02-16 21:02:35
Delhi,28.51,77.05,40.5,54,26.8,2023-07-16 11:27:44
Delhi,28.88,76.84,21.1,29,45.6,2023-07-26 14:19:41
Delhi,28.47,77.25,26.8,46,6.8,2023-10-09 08:14:24
Delhi,28.61,76.92,42.5,12,43.2,2023-09-29 21:47:17
Delhi,28.6,76.91,19.7,100,7.1,2023-08-01 05:31:42
Delhi,28.51,77.06,35.0,82,29.9,2023-12-06 18:38:44
Delhi,28.79,76.93,12.9,82,39.9,2023-06-19 01:12:55
Delhi,28.66,77.02,28.9,91,22.7,2023-03-11 20:30:22
Delhi,28.58,77.29,14.7,80,46.3,2023-12-23 05:26:57
Delhi,28.72,77.3,8.5,41,11.9,2023-09-08 01:46:20
Delhi,28.41,77.18,39.3,23,20.0,2023-01-14 01:28:11
Delhi,28.45,77.0,5.6,43,4.4,2023-08-25 20:43:31
Delhi,28.51,77.07,29.2,21,14.1,2023-06-12 22:25:30
Delhi,28.84,77.16,17.1,82,2.7,2023-08-07 08:37:12
Delhi,28.67,77.23,39.6,11,19.5,2023-09-30 06:07:29
Delhi,28.42,76.83,28.8,35,17.4,2023-05-28 18:29:09
Delhi,28.57,77.01,38.0,58,47.2,2023-01-03 19:17:30
Delhi,28.53,77.12,25.4,80,44.7,2023-01-26 22:19:38
Delhi,28.4,76.82,23.6,96,37.0,2023-07-25 17:57:44
Delhi,28.68,77.23,8.8,94,18.7,2023-11-24 22:20:07
Delhi,28.56,77.02,16.0,67,7.6,2023-07-14 13:14:08
Delhi,28.56,77.22,11.9,65,7.8,2023-04-09 13:33:21
Delhi,28.8,77.06,31.2,42,42.9,2023-01-21 04:12:33
Delhi,28.52,77.15,30.1,80,19.1,2023-07-21 23:47:10
Delhi,28.52,76.93,18.6,39,7.8,2023-07-01 09:53:32
Delhi,28.82,76.83,19.3,22,20.7,2023-02-02 02:10:07
Delhi,28.59,77.05,42.5,53,27.7,2023-07-30 00:06:26
Delhi,28.46,77.25,14.3,15,11.2,2023-07-03 12:22:13
Delhi,28.69,77.09,27.6,96,38.4,2023-10-28 13:09:58
Delhi,28.61,77.06,28.5,59,39.3,2023-07-15 19:13:55
Delhi,28.59,76.89,17.9,59,49.3,2023-12-21 16:51:24
Delhi,28.69,77.19,9.3,45,19.1,2023-07-22 20:03:01
Delhi,28.51,77.07,10.2,55,10.6,2023-03-08 12:16:28
Delhi,28.58,76.87,14.2,38,42.6,2023-05-20 02:06:15
Delhi,28.53,76.84,23.8,56,41.1,2023-07-28 13:16:56
Delhi,28.56,76.83,26.5,32,33.9,2023-06-25 18:37:26
Delhi,28.58,76.81,19.9,43,11.5,2023-08-06 01:12:43
Delhi,28.79,76.99,13.4,51,25.8,2023-02-02 20:03:08
Delhi,28.77,76.84,39.0,30,25.3,2023-04-26 02:17:24
Delhi,28.86,77.09,25.8,64,47.2,2023-11-17 02:52:39
Delhi,28.82,76.82,35.1,25,48.5,2023-01-02 18:28:58
Delhi,28.88,77.08,24.7,57,25.5,2023-02-22 20:06:12
Delhi,28.49,76.96,43.0,29,25.8,2023-06-30 20:12:58
Delhi,28.72,76.82,26.1,15,46.1,2023-10-04 07:29:06
Delhi,28.77,77.01,25.5,89,31.7,2023-04-21 15:06:40
Delhi,28.85,77.1,40.3,40,36.2,2023-01-16 13:01:11
Delhi,28.64,77.27,40.4,54,17.0,2023-02-20 06:01:58
Delhi,28.8,76.95,9.7,64,6.5,2023-09-14 12:17:02
Delhi,28.67,77.19,33.2,94,14.7,2023-12-26 08:14:18
Delhi,28.81,77.18,31.7,87,30.3,2023-05-16 13:24:02
Delhi,28.4,76.85,21.9,51,3.5,2023-08-30 07:05:58
Delhi,28.62,76.86,5.2,43,36.5,2023-08-10 10:56:14
Delhi,28.66,76.82,42.9,92,23.8,2023-04-15 23:02:20
Rajasthan,28.66,75.53,32.8,93,19.3,2023-10-28 10:23:02
Rajasthan,29.26,69.4,32.7,80,37.2,2023-02-19 07:41:10
Rajasthan,23.53,74.31,5.4,48,36.1,2023-03-10 18:39:05
Rajasthan,24.58,76.89,33.1,71,33.5,2023-10-28 23:14:20
Rajasthan,23.86,74.87,16.0,76,10.1,2023-08-07 04:49:14
Rajasthan,28.43,71.9,36.9,47,29.0,2023-11-07 07:38:51
Rajasthan,29.2,75.49,19.7,49,5.0,2023-01-24 15:35:55
Rajasthan,25.29,70.18,6.2,48,11.6,2023-01-26 15:56:52
Rajasthan,24.25,73.13,33.0,24,21.6,2023-10-11 19:31:39
Rajasthan,25.28,75.47,44.2,48,5.1,2023-08-23 16:18:12
Rajasthan,26.35,74.51,5.9,61,16.7,2023-09-08 05:18:47
Rajasthan,24.42,76.5,21.8,77,5.6,2023-06-13 15:00:53
Rajasthan,27.14,73.31,40.4,45,28.9,2023-09-14 02:32:58
Rajasthan,23.4,74.69,32.3,100,6.2,2023-08-28 01:28:40
Rajasthan,25.43,70.22,32.6,84,3.4,2023-02-23 18:29:54
Rajasthan,27.84,73.06,13.4,95,30.0,2023-03-27 00:33:53
Rajasthan,27.06,71.7,14.4,96,18.0,2023-12-10 07:03:29
Rajasthan,29.22,77.86,15.2,53,41.3,2023-11-07 15:09:27
Rajasthan,26.39,75.82,19.2,29,41.3,2023-09-17 10:10:19
Rajasthan,28.53,69.6,37.8,31,1.2,2023-08-26 19:14:48
Rajasthan,25.21,75.21,37.3,90,9.6,2023-07-28 14:19:25
Rajasthan,24.22,70.29,26.2,22,13.6,2023-02-18 23:32:33
Rajasthan,26.03,76.37,27.5,33,21.0,2023-09-29 16:13:47
Rajasthan,23.51,72.41,27.2,47,14.0,2023-09-10 11:28:44
Rajasthan,29.97,73.9,33.9,87,6.8,2023-06-29 08:56:50
Rajasthan,28.4,75.72,38.8,14,32.4,2023-10-18 18:09:07
Rajasthan,24.85,71.84,28.0,43,17.5,2023-05-02 19:45:51
Rajasthan,26.13,78.04,5.9,93,39.4,2023-07-25 00:33:37
Rajasthan,28.19,71.89,6.7,38,49.3,2023-09-14 23:20:09
Rajasthan,27.23,69.95,38.9,52,6.0,2023-12-22 14:01:26
Rajasthan,26.3,74.29,44.6,25,4.4,2023-11-17 08:58:23
Rajasthan,23.97,70.14,8.3,20,18.0,2023-10-21 11:02:23
Rajasthan,23.6,69.63,12.8,37,41.6,2023-09-21 02:06:19
Rajasthan,29.0,69.59,27.6,91,42.3,2023-08-14 22:10:03
Rajasthan,26.34,74.78,20.1,67,3.6,2023-01-27 10:17:14
Rajasthan,25.81,75.78,22.0,44,23.6,2023-11-02 01:05:23
Rajasthan,29.71,70.39,29.2,49,31.5,2023-04-07 05:33:06
Rajasthan,25.23,75.33,26.8,64,27.8,2023-02-18 09:15:33
Rajasthan,27.01,73.14,6.6,33,31.1,2023-06-16 00:14:21
Rajasthan,26.78,75.44,35.2,49,49.5,2023-05-15 21:54:16
Rajasthan,24.05,71.09,11.8,57,6.0,2023-04-16 09:59:19
Rajasthan,27.36,74.98,20.0,55,35.9,2023-04-27 01:25:17
Rajasthan,28.38,77.56,16.8,55,19.6,2023-10-13 01:01:37
Rajasthan,28.44,71.07,43.0,73,45.7,2023-03-09 00:19:08
Rajasthan,28.47,75.3,37.4,21,18.2,2023-10-02 01:14:23
Rajasthan,28.23,72.94,5.2,44,43.0,2023-01-23 04:27:00
Rajasthan,23.88,77.7,17.8,94,41.4,2023-01-21 15:34:32
Rajasthan,24.64,71.16,18.0,48,23.6,2023-05-26 11:55:23
Rajasthan,27.99,70.51,11.6,66,31.2,2023-05-29 17:09:52
Rajasthan,23.3,76.13,31.9,95,6.7,2023-05-09 22:17:03
Rajasthan,27.7,71.7,40.9,58,15.6,2023-04-28 06:25:17
Rajasthan,26.82,71.69,5.5,26,18.8,2023-02-07 22:59:34
Rajasthan,24.64,76.62,25.5,99,37.9,2023-04-19 03:47:59
Rajasthan,23.53,72.84,16.4,95,13.1,2023-09-14 18:11:48
Rajasthan,26.61,74.73,6.4,40,24.9,2023-01-19 15:13:06
Rajasthan,24.66,69.97,31.9,83,8.0,2023-02-16 07:42:46
Rajasthan,24.55,73.24,21.3,90,21.5,2023-01-20 09:12:22
Rajasthan,30.05,72.69,43.0,24,2.6,2023-10-18 05:38:22
Rajasthan,29.13,70.23,16.6,38,30.1,2023-09-18 17:26:17
Rajasthan,30.05,76.89,41.8,92,17.0,2023-04-18 08:51:07
Rajasthan,28.88,70.95,15.0,35,32.6,2023-09-13 02:51:36
Rajasthan,25.68,71.92,14.7,84,1.2,2023-01-31 04:48:46
Rajasthan,24.19,78.17,43.7,39,30.8,2023-11-06 20:59:51
Rajasthan,29.86,71.34,36.1,58,15.6,2023-06-28 16:37:39
Rajasthan,25.12,70.25,42.1,49,33.9,2023-07-26 11:42:41
Rajasthan,28.29,77.42,32.6,10,36.7,2023-10-31 21:13:02
Rajasthan,26.83,71.79,38.7,26,17.6,2023-05-09 14:10:03
Rajasthan,28.71,70.34,15.8,23,32.8,2023-08-10 21:30:11
Rajasthan,30.09,76.2,23.0,42,7.6,2023-06-01 21:41:41
Rajasthan,26.5,69.66,6.1,27,5.3,2023-05-30 19:38:41
Rajasthan,23.98,75.06,11.4,78,8.4,2023-04-16 09:21:16
Rajasthan,29.1,72.48,19.7,19,17.9,2023-06-29 07:31:31
Rajasthan,25.73,72.32,39.1,71,24.3,2023-10-13 20:10:10
Rajasthan,24.53,78.14,13.0,92,7.1,2023-03-27 19:14:26
Rajasthan,29.77,73.14,33.4,65,17.5,2023-08-11 23:27:17
Rajasthan,24.66,74.34,23.2,13,2.8,2023-04-30 10:22:06
Rajasthan,24.91,70.86,28.7,76,49.3,2023-09-21 10:41:42
Rajasthan,27.88,73.45,25.7,36,22.3,2023-09-12 09:25:51
Rajasthan,24.26,70.79,34.3,18,8.7,2023-06-01 21:16:04
Rajasthan,24.72,74.64,10.4,100,49.0,2023-10-25 01:53:16
Rajasthan,28.46,72.91,11.7,14,39.4,2023-06-14 05:03:08
Rajasthan,28.56,74.18,34.7,61,16.9,2023-03-23 10:35:15
Rajasthan,25.96,70.37,24.3,24,24.8,2023-04-24 12:34:39
Rajasthan,27.11,77.96,23.0,38,6.2,2023-01-08 17:58:23
Rajasthan,29.12,76.72,43.7,80,23.6,2023-03-10 07:23:20
Rajasthan,29.31,76.36,12.4,86,4.2,2023-09-09 12:47:23
Rajasthan,23.67,74.62,12.8,66,19.2,2023-02-03 09:59:31
Rajasthan,27.55,71.99,40.8,27,45.4,2023-06-01 23:39:32
Rajasthan,29.34,71.37,21.1,32,6.6,2023-06-14 21:17:03
Rajasthan,24.67,69.66,16.1,39,13.5,2023-10-17 05:12:20
Rajasthan,23.34,77.29,33.3,91,30.5,2023-09-28 12:36:58
Rajasthan,28.6,74.02,10.4,59,36.9,2023-02-07 18:51:52
Rajasthan,24.61,76.49,36.1,52,45.0,2023-08-13 13:33:51
Rajasthan,23.96,74.85,11.7,94,28.6,2023-08-26 00:13:15
Rajasthan,29.3,69.58,32.9,28,45.4,2023-02-16 01:14:18
Rajasthan,25.61,72.29,6.3,57,36.0,2023-05-13 01:47:52
Rajasthan,27.74,76.51,35.6,49,4.6,2023-06-03 23:04:26
Rajasthan,25.55,77.59,23.3,95,23.4,2023-09-24 19:05:09
Rajasthan,28.95,71.72,37.1,40,10.8,2023-02-10 01:52:07
Rajasthan,28.82,70.94,35.1,96,26.3,2023-06-08 23:19:36
Rajasthan,27.03,71.68,26.2,56,4.8,2023-10-26 03:39:01
Rajasthan,25.23,70.0,19.8,50,40.6,2023-10-31 18:25:21
Rajasthan,24.29,78.09,35.1,33,47.4,2023-07-22 20:40:55
Rajasthan,23.94,76.72,12.7,87,22.1,2023-01-26 05:37:54
Rajasthan,29.85,73.62,33.5,76,15.5,2023-08-20 02:02:42
Rajasthan,24.03,70.78,41.2,28,11.6,2023-01-14 08:39:33
Rajasthan,28.7,70.29,14.5,26,15.6,2023-07-29 07:48:02
Rajasthan,27.29,71.34,20.9,98,15.4,2023-08-12 22:34:08
Rajasthan,26.52,69.66,31.2,73,48.1,2023-02-09 03:54:52
Rajasthan,29.48,71.53,21.8,74,22.8,2023-06-18 06:17:17
Rajasthan,29.05,75.5,8.1,96,23.1,2023-11-29 08:56:36
Rajasthan,28.77,75.59,18.4,22,8.5,2023-07-15 18:23:28
Rajasthan,23.89,72.46,34.0,53,47.6,2023-12-06 05:19:25
Rajasthan,29.78,75.31,34.8,33,27.8,2023-07-01 05:05:37
Rajasthan,28.73,75.69,13.1,82,19.6,2023-04-20 17:18:13
Rajasthan,25.55,75.86,44.0,38,2.3,2023-06-08 07:27:34
Rajasthan,30.1,71.45,9.6,52,6.8,2023-04-07 12:08:30
Rajasthan,26.14,73.92,35.0,67,7.6,2023-05-26 09:23:57
Rajasthan,26.38,76.35,27.1,10,31.6,2023-03-01 13:17:04
Rajasthan,29.7,70.84,18.0,86,17.1,2023-09-30 05:27:01
Rajasthan,29.35,72.54,30.7,83,1.7,2023-09-12 04:49:24
Rajasthan,25.79,72.09,27.3,100,16.2,2023-04-14 01:55:18
Rajasthan,29.14,72.12,12.5,73,41.7,2023-05-24 13:18:52
Rajasthan,24.07,69.85,43.1,73,37.2,2023-01-13 13:49:33
Rajasthan,27.36,70.81,16.5,86,42.5,2023-03-14 12:32:14
Rajasthan,25.45,69.78,21.8,60,27.2,2023-08-01 08:08:51
Rajasthan,25.13,78.07,16.3,27,36.5,2023-01-20 20:30:04
Rajasthan,23.39,74.64,12.1,90,9.0,2023-03-20 12:03:58
Rajasthan,29.38,73.05,25.2,71,48.0,2023-01-15 18:58:13
Rajasthan,28.72,72.45,42.4,75,28.0,2023-01-12 12:18:37
Rajasthan,27.67,76.86,21.9,23,23.3,2023-12-03 17:50:20
Rajasthan,29.41,75.33,22.3,49,40.2,2023-12-24 13:15:37
Rajasthan,23.96,71.71,20.6,74,48.4,2023-04-29 03:27:13
Rajasthan,24.68,70.79,13.8,66,2.2,2023-12-13 09:08:47
Rajasthan,26.42,69.39,20.3,98,48.2,2023-08-24 13:33:32
Rajasthan,27.55,73.78,7.1,81,1.9,2023-11-29 21:47:22
Rajasthan,24.57,76.98,21.6,31,37.1,2023-08-10 03:41:06
Rajasthan,29.81,73.8,21.4,63,11.9,2023-09-03 02:53:36
Rajasthan,25.19,71.61,6.3,25,18.2,2023-12-03 07:05:31
Rajasthan,25.61,74.0,19.9,24,13.5,2023-09-18 04:50:44
Rajasthan,23.85,73.05,33.9,15,0.4,2023-12-01 00:34:13
Rajasthan,27.87,72.77,42.1,20,11.2,2023-06-09 19:48:49
Rajasthan,23.89,76.08,13.6,36,4.1,2023-07-15 09:52:36
Rajasthan,25.16,74.17,20.0,75,48.0,2023-05-20 07:19:09
Rajasthan,24.62,69.81,30.3,17,35.1,2023-12-21 03:15:57
Rajasthan,25.71,76.58,26.3,51,25.2,2023-09-28 20:39:29
Rajasthan,29.55,74.46,24.4,76,5.8,2023-03-14 22:35:45
Rajasthan,26.05,75.1,13.2,80,35.8,2023-10-19 05:06:23
Rajasthan,29.97,75.76,35.3,27,38.6,2023-08-24 15:25:04
Rajasthan,26.94,75.36,11.1,22,43.8,2023-01-23 16:40:39
Rajasthan,25.63,76.71,24.0,52,8.5,2023-12-02 02:37:43
Rajasthan,27.04,76.34,44.0,34,41.7,2023-01-21 13:16:50
Rajasthan,23.3,77.94,30.0,83,38.5,2023-04-08 17:41:49
Rajasthan,25.06,72.89,28.2,11,36.8,2023-05-18 04:18:13
Rajasthan,27.54,73.61,18.8,69,24.9,2023-03-08 00:23:31
Rajasthan,24.27,72.38,20.5,76,29.6,2023-06-26 01:20:23
Rajasthan,23.34,76.24,25.9,21,29.3,2023-07-02 09:43:49
Rajasthan,29.56,71.03,37.8,22,5.8,2023-10-14 02:39:08
Rajasthan,25.12,78.16,8.5,65,39.2,2023-02-19 21:37:47
Rajasthan,27.79,69.93,38.7,84,39.4,2023-02-14 17:45:07
Rajasthan,27.67,75.21,12.0,92,2.2,2023-07-07 04:03:23
Rajasthan,24.41,76.79,18.6,21,25.1,2023-10-16 15:46:26
Rajasthan,25.34,70.27,17.7,55,34.0,2023-12-20 16:40:29
Rajasthan,24.19,74.21,19.6,77,26.2,2023-02-01 16:42:41
Rajasthan,24.64,75.65,17.6,93,48.5,2023-09-29 06:39:36
Rajasthan,24.51,72.06,5.1,40,39.9,2023-04-01 17:11:54
Nagaland,25.71,94.5,42.1,58,26.4,2023-09-22 13:17:45
Nagaland,25.21,93.62,13.3,64,1.9,2023-06-17 04:32:55
Nagaland,25.41,95.08,35.4,42,47.4,2023-03-20 08:12:13
Nagaland,26.84,94.8,16.3,75,2.5,2023-02-16 10:49:27
Nagaland,25.4,93.77,19.6,54,46.6,2023-10-04 01:34:21
Nagaland,26.21,94.77,35.6,80,14.3,2023-06-05 00:08:47
Nagaland,26.6,93.95,33.3,87,40.1,2023-09-14 08:28:42
Nagaland,26.39,94.04,30.1,85,38.2,2023-11-21 14:12:47
Nagaland,25.38,93.9,27.2,53,3.4,2023-05-21 21:30:14
Nagaland,26.43,93.23,18.8,42,42.9,2023-12-11 21:15:03
Nagaland,26.04,93.97,38.4,36,17.1,2023-12-22 23:53:02
Nagaland,26.75,94.8,23.4,37,28.4,2023-01-04 15:49:07
Nagaland,26.07,95.1,25.9,14,5.0,2023-04-22 11:52:17
Nagaland,25.52,93.37,22.7,78,17.1,2023-01-29 11:06:26
Nagaland,26.46,94.51,34.8,64,33.5,2023-06-06 02:50:13
Nagaland,25.29,94.29,39.9,16,29.7,2023-06-30 14:38:41
Nagaland,26.36,95.08,15.7,63,20.1,2023-03-01 13:27:21
Nagaland,25.44,93.36,34.5,52,32.9,2023-08-01 05:19:04
Nagaland,26.71,94.18,41.8,18,6.6,2023-04-06 13:31:03
Nagaland,25.31,93.76,35.7,20,44.9,2023-07-01 06:13:29
Nagaland,25.69,94.54,25.4,79,40.6,2023-02-27 03:32:40
Nagaland,25.74,94.78,9.3,89,32.0,2023-10-17 21:09:00
Nagaland,26.78,93.73,32.2,69,15.1,2023-10-23 00:41:17
Nagaland,26.2,94.43,14.0,84,6.1,2023-08-19 14:20:21
Nagaland,25.44,94.76,33.2,24,37.2,2023-12-28 14:28:06
Nagaland,26.65,93.65,13.0,62,10.6,2023-06-27 18:09:27
Nagaland,25.23,93.22,19.0,91,14.8,2023-12-08 05:50:37
Nagaland,26.54,93.33,31.3,83,11.3,2023-01-14 19:41:44
Nagaland,26.64,95.17,33.3,56,33.0,2023-02-27 15:37:57
Nagaland,25.93,93.7,18.2,91,18.3,2023-03-10 12:57:46
Nagaland,25.72,94.83,32.1,30,11.2,2023-01-03 04:19:23
Nagaland,25.62,93.87,41.6,66,34.4,2023-06-05 11:11:34
Nagaland,26.78,94.23,42.7,24,15.3,2023-09-29 16:07:52
Nagaland,26.07,94.7,28.9,74,37.6,2023-06-11 14:44:46
Nagaland,26.64,93.48,21.8,34,8.1,2023-08-22 13:27:23
Nagaland,26.47,93.82,24.9,77,16.6,2023-05-29 03:13:05
Nagaland,26.66,93.45,36.4,49,27.6,2023-12-16 01:22:42
Nagaland,26.79,94.54,25.5,59,26.7,2023-03-12 19:19:04
Nagaland,25.23,94.04,27.8,33,23.4,2023-12-12 11:14:08
Nagaland,25.46,93.26,30.2,62,16.6,2023-11-02 01:47:45
Nagaland,25.98,94.63,43.5,64,15.3,2023-07-06 04:39:20
Nagaland,25.44,93.6,43.4,97,46.4,2023-03-03 17:52:14
Nagaland,26.7,93.97,20.1,31,34.7,2023-09-29 02:25:31
Nagaland,25.68,94.34,28.1,64,46.6,2023-03-23 21:37:03
Nagaland,26.85,93.73,9.6,76,33.3,2023-06-17 03:48:15
Nagaland,26.14,94.57,19.1,69,7.0,2023-08-01 10:44:43
Nagaland,25.52,95.05,42.3,88,35.5,2023-01-05 06:29:53
Nagaland,25.73,94.45,14.1,70,29.4,2023-04-12 22:22:33
Nagaland,26.55,94.1,27.3,96,10.1,2023-08-19 19:00:02
Nagaland,26.7,94.07,20.1,19,38.2,2023-02-08 21:26:02
Nagaland,26.81,93.56,18.3,51,15.8,2023-01-12 08:42:08
Nagaland,25.22,94.1,13.2,73,19.0,2023-05-05 17:46:27
Nagaland,26.31,93.62,26.7,52,37.0,2023-08-21 08:03:00
Nagaland,27.03,94.35,44.9,64,29.6,2023-11-15 17:54:33
Nagaland,25.89,93.72,5.3,79,1.3,2023-05-03 18:46:52
Nagaland,25.61,94.67,6.9,97,37.0,2023-08-13 23:34:07
Nagaland,25.27,94.55,44.7,62,2.2,2023-06-14 01:02:07
Nagaland,26.63,94.6,17.7,11,19.5,2023-12-18 08:12:33
Nagaland,25.84,93.41,28.6,87,24.8,2023-12-19 11:59:46
Nagaland,26.13,95.06,34.2,58,39.9,2023-03-21 22:32:55
Nagaland,26.44,95.14,6.8,54,16.1,2023-09-20 04:07:28
Nagaland,25.56,94.39,24.3,23,11.1,2023-01-26 03:34:18
Nagaland,26.64,94.12,6.0,78,10.3,2023-06-13 23:55:54
Nagaland,26.07,94.6,11.0,66,31.4,2023-05-02 06:07:26
Nagaland,25.4,94.31,11.1,29,45.4,2023-08-12 22:39:40
Nagaland,26.68,93.33,36.8,57,5.5,2023-04-06 08:22:43
Nagaland,26.64,94.62,19.1,49,37.5,2023-03-23 05:37:57
Nagaland,26.3,94.35,5.1,45,35.4,2023-08-09 17:17:45
Nagaland,25.97,93.5,16.7,10,31.9,2023-07-04 19:55:09
Nagaland,26.28,94.52,9.5,44,46.0,2023-07-14 02:14:34
Nagaland,25.59,94.58,18.8,66,40.1,2023-11-24 18:32:27
Nagaland,26.34,94.13,43.0,55,20.4,2023-04-20 07:38:25
Nagaland,26.69,94.31,14.4,59,37.2,2023-03-02 04:52:04
Nagaland,26.75,94.85,35.2,33,3.1,2023-06-27 23:44:44
Nagaland,25.48,93.38,17.6,23,3.6,2023-03-06 13:26:25
Nagaland,26.67,93.78,17.4,18,12.2,2023-09-28 02:03:50
Nagaland,27.09,94.09,5.7,35,18.3,2023-06-05 16:58:01
Nagaland,26.1,94.47,26.0,37,7.9,2023-03-27 14:39:24
Nagaland,25.82,95.09,7.3,18,20.0,2023-11-08 11:40:00
Nagaland,25.38,94.63,20.7,98,21.8,2023-11-24 14:27:37
Nagaland,26.18,94.89,43.2,13,4.6,2023-04-19 18:49:44
Nagaland,26.2,93.74,13.7,95,31.5,2023-03-27 03:32:47
Nagaland,25.58,93.74,20.6,66,44.9,2023-11-05 00:47:24
Nagaland,25.55,94.92,36.9,67,5.2,2023-11-28 18:25:28
Nagaland,27.06,93.31,21.8,96,13.4,2023-05-29 05:22:39
Nagaland,26.15,94.11,42.7,74,32.8,2023-01-02 19:47:03
Nagaland,26.68,94.9,23.4,78,10.6,2023-09-07 23:42:03
Nagaland,26.5,95.12,42.4,38,21.9,2023-11-26 21:04:34
Nagaland,26.97,94.16,17.8,19,36.7,2023-01-19 01:53:26
Nagaland,27.07,94.36,21.3,75,47.6,2023-04-23 19:30:57
Nagaland,25.96,94.07,10.8,30,6.2,2023-11-05 15:00:26
Nagaland,25.46,94.21,20.4,23,30.0,2023-09-18 13:02:06
Nagaland,26.77,94.45,36.3,20,38.9,2023-06-24 01:55:48
Nagaland,25.49,95.03,31.5,22,29.9,2023-10-14 22:45:31
Nagaland,25.87,93.72,25.3,29,14.9,2023-09-17 16:48:37
Nagaland,25.37,93.51,20.7,26,23.7,2023-10-25 10:18:46
Nagaland,25.33,94.65,34.1,67,13.6,2023-09-18 19:10:13
Nagaland,26.32,93.69,10.6,40,19.2,2023-08-28 06:07:24
Nagaland,26.03,93.57,36.2,64,29.8,2023-02-26 00:12:37
Nagaland,27.05,94.14,19.6,18,28.9,2023-07-20 10:09:03
Nagaland,26.71,94.15,35.4,90,21.8,2023-07-08 14:51:23
Nagaland,27.07,94.35,32.4,25,40.0,2023-04-01 10:54:33
Nagaland,26.75,94.72,34.5,64,45.2,2023-02-16 15:03:42
Nagaland,26.71,95.05,20.4,12,16.7,2023-03-03 03:23:19
Nagaland,25.25,93.31,38.7,52,46.3,2023-10-31 23:48:38
Nagaland,26.5,94.88,33.1,85,5.7,2023-09-30 22:16:30
Nagaland,25.56,93.49,19.0,73,37.3,2023-04-21 01:59:57
Nagaland,25.24,94.53,7.0,17,34.2,2023-12-14 01:41:12
Nagaland,25.55,94.95,12.9,61,30.2,2023-09-19 08:12:49
Nagaland,25.93,94.73,18.5,31,39.1,2023-05-13 07:35:26
Nagaland,26.09,93.28,25.9,31,16.7,2023-10-29 09:08:23
Nagaland,25.23,94.3,44.9,19,46.7,2023-06-11 22:06:51
Nagaland,25.7,94.0,26.8,44,26.5,2023-01-25 19:13:27
Nagaland,25.51,94.88,9.0,48,9.7,2023-07-19 21:01:42
Nagaland,25.77,93.77,24.2,23,15.5,2023-05-14 10:52:40
Nagaland,25.43,93.35,17.9,96,38.7,2023-06-14 01:11:10
Nagaland,26.86,94.16,38.5,71,30.5,2023-04-08 12:46:37
Nagaland,26.65,94.73,34.9,59,29.7,2023-07-22 00:24:21
Nagaland,26.28,94.99,40.9,40,25.8,2023-08-24 14:24:03
Nagaland,25.64,93.58,12.1,39,43.9,2023-09-27 19:04:01
Nagaland,25.46,94.74,20.0,44,5.6,2023-04-25 02:01:20
Nagaland,25.75,93.8,26.7,18,14.0,2023-10-19 14:23:42
Nagaland,26.94,94.85,23.2,14,13.4,2023-02-04 18:34:17
Nagaland,25.75,94.88,12.1,81,44.2,2023-12-25 15:28:42
Nagaland,25.69,93.65,38.2,44,35.8,2023-09-08 16:45:48
Nagaland,26.47,95.05,10.3,76,12.7,2023-04-18 16:07:02
Nagaland,25.67,94.12,34.4,67,35.3,2023-05-18 22:49:54
Nagaland,26.68,93.94,33.3,75,24.6,2023-02-07 12:00:52
Nagaland,26.74,94.93,5.9,61,24.4,2023-12-30 11:37:52
Nagaland,26.16,94.08,24.7,64,39.4,2023-09-10 23:08:39
Nagaland,26.23,94.8,28.1,78,26.0,2023-05-08 03:50:41
Nagaland,26.47,93.32,24.2,80,21.5,2023-06-11 15:49:56
Nagaland,26.63,93.82,20.4,24,34.6,2023-11-29 07:13:20
Nagaland,25.24,93.58,30.1,43,49.4,2023-04-04 03:31:35
Nagaland,26.85,94.29,11.0,76,45.0,2023-09-19 11:46:43
Nagaland,26.3,93.92,38.3,58,0.7,2023-08-20 21:40:06
Nagaland,25.53,94.86,32.6,22,8.3,2023-11-11 18:58:27
Nagaland,25.28,94.87,35.0,76,10.2,2023-07-27 12:36:38
Nagaland,26.09,94.27,25.6,94,12.2,2023-10-08 11:52:26
Nagaland,25.8,94.04,34.6,64,49.5,2023-02-18 09:19:26
Nagaland,25.5,93.38,24.3,53,29.0,2023-02-26 21:59:27
Nagaland,25.81,93.27,26.3,11,8.1,2023-04-11 03:43:06
Nagaland,26.02,94.22,29.1,46,0.7,2023-01-17 07:26:57
Nagaland,25.48,94.49,44.0,28,47.3,2023-01-21 06:39:21
Nagaland,26.7,94.99,17.1,78,23.7,2023-10-07 23:19:55
Nagaland,25.29,94.68,23.6,70,22.5,2023-03-26 23:21:45
Nagaland,26.35,94.29,9.8,65,28.5,2023-03-08 03:53:15
Nagaland,25.78,94.1,25.5,98,48.2,2023-01-08 21:06:22
Nagaland,26.6,93.62,36.0,23,46.4,2023-11-12 06:59:05
Nagaland,25.45,95.08,20.3,44,28.9,2023-12-23 19:28:54
Nagaland,26.32,94.71,18.3,87,3.0,2023-03-07 16:34:39
Nagaland,26.67,94.75,20.7,37,43.1,2023-11-11 11:24:40
Nagaland,25.51,93.48,30.0,40,4.8,2023-02-02 20:27:32
Nagaland,26.08,93.23,41.2,90,35.1,2023-11-23 15:45:09
Nagaland,25.5,94.81,16.6,12,37.1,2023-11-26 03:57:56
Nagaland,26.76,94.74,15.6,99,22.4,2023-11-24 03:34:34
Nagaland,26.16,95.12,17.1,39,18.5,2023-11-11 07:10:13
Nagaland,25.27,95.02,36.0,47,4.0,2023-05-14 22:35:14
Nagaland,26.7,93.71,23.9,45,21.4,2023-08-15 14:24:10
Nagaland,26.58,94.14,40.1,87,35.0,2023-08-29 23:25:35
Nagaland,27.04,94.38,8.9,14,26.9,2023-01-03 13:45:35
Nagaland,26.17,94.02,14.2,48,12.0,2023-10-07 16:37:14
Nagaland,26.5,94.71,5.0,61,18.7,2023-11-06 23:40:06
Nagaland,26.61,94.14,33.5,45,40.6,2023-07-12 21:28:56
Nagaland,26.74,95.06,44.6,76,30.7,2023-04-09 02:26:39
Nagaland,26.93,93.89,15.6,41,4.8,2023-01-03 16:51:34
